<?xml version="1.0" encoding="UTF-8"?>
<!DOCTYPE hibernate-configuration PUBLIC
		"-//Hibernate/Hibernate Configuration DTD 3.0//EN"
		"http://www.hibernate.org/dtd/hibernate-configuration-3.0.dtd">
<hibernate-configuration>
    <session-factory>
     <property name="hibernate.connection.driver_class">com.mysql.cj.dbc.Driver</property>
        <property name="hibernate.connection.password">sapna1234</property>
        <property name="hibernate.connection.url">jdbc:mysql://localhost:3306/example</property>
        <property name="hibernate.dialect">org.hibernate.dialect.MYSQLDialect</property>
        <mapping class = "com.bean.Product"/>
    </session-factory>
</hibernate-configuration>
